<annotation><filename>img1.jpg</filename><folder>example_folder</folder><source><sourceImage>The MIT-CSAIL database of objects and scenes</sourceImage><sourceAnnotation>LabelMe Webtool</sourceAnnotation></source><object><name>window</name><deleted>0</deleted><verified>0</verified><date>25-May-2012 00:09:48</date><id>0</id><polygon><username>admin</username><pt><x>1078</x><y>858</y></pt><pt><x>1123</x><y>854</y></pt><pt><x>1126</x><y>937</y></pt><pt><x>1078</x><y>940</y></pt></polygon></object><imagesize><nrows>1920</nrows><ncols>2560</ncols></imagesize></annotation>